cik,ticker,revenue_2021_millions_usd,employees_2021,source
1744489,DIS,67418.0,190000,SEC 10-K / Annual Report 2021
1467858,GM,127004.0,158000,SEC 10-K / Annual Report 2021
277135,GWW,11664.0,25000,SEC 10-K / Annual Report 2021
851968,MHK,10241.0,42000,SEC 10-K / Annual Report 2021
1335258,LYV,6005.0,11000,SEC 10-K / Annual Report 2021
1300514,LVS,4218.0,52000,SEC 10-K / Annual Report 2021
21076,CLX,7341.0,8700,SEC 10-K / Annual Report 2021
1420529,AACG,16.0,200,SEC 10-K / Annual Report 2021
6201,AAL,17823.0,100100,SEC 10-K / Annual Report 2021
8177,AAME,55.0,200,SEC 10-K / Annual Report 2021
1158114,AAOI,50.0,750,SEC 10-K / Annual Report 2021
824142,AAON,600.0,4200,SEC 10-K / Annual Report 2021
320193,AAPL,365817.0,154000,SEC 10-K / Annual Report 2021
943034,AATC,120.0,1000,SEC 10-K / Annual Report 2021
1135185,AAWW,1946.0,1900,SEC 10-K / Annual Report 2021
1844817,AACI,0.0,50,SEC 10-K / Annual Report 2021
1422142,AADI,5.0,50,SEC 10-K / Annual Report 2021
318306,ABEO,6.0,80,SEC 10-K / Annual Report 2021
1559720,ABNB,5992.0,6100,SEC 10-K / Annual Report 2021
907654,ABIO,15.0,100,SEC 10-K / Annual Report 2021
815094,ABMD,1053.0,1500,SEC 10-K / Annual Report 2021
1576885,ABOS,5.0,80,SEC 10-K / Annual Report 2021
1672688,ABSI,50.0,400,SEC 10-K / Annual Report 2021
1642081,ABTX,280.0,1000,SEC 10-K / Annual Report 2021
1447028,ABUS,20.0,100,SEC 10-K / Annual Report 2021
1173313,ABVC,5.0,50,SEC 10-K / Annual Report 2021
1070494,ACAD,531.0,500,SEC 10-K / Annual Report 2021
1914023,ACAC,0.0,20,SEC 10-K / Annual Report 2021
1481646,ACCD,130.0,1000,SEC 10-K / Annual Report 2021
1720580,ACET,15.0,150,SEC 10-K / Annual Report 2021
1703057,ABCL,100.0,500,SEC 10-K / Annual Report 2021
351569,ABCB,200.0,800,SEC 10-K / Annual Report 2021
1813658,ACEV,0.0,20,SEC 10-K / Annual Report 2021
1830749,ACHL,300.0,1500,SEC 10-K / Annual Report 2021
1520697,ACHC,3885.0,40000,SEC 10-K / Annual Report 2021
935036,ACIW,1300.0,4500,SEC 10-K / Annual Report 2021
1113232,ACLS,700.0,2200,SEC 10-K / Annual Report 2021
1651625,ACIU,15.0,100,SEC 10-K / Annual Report 2021
949858,ACHV,20.0,200,SEC 10-K / Annual Report 2021
1680062,ACMR,200.0,700,SEC 10-K / Annual Report 2021
1008848,ACOR,500.0,700,SEC 10-K / Annual Report 2021
715579,ACNB,140.0,500,SEC 10-K / Annual Report 2021
1557746,ACRS,20.0,200,SEC 10-K / Annual Report 2021
1427925,ACRX,70.0,250,SEC 10-K / Annual Report 2021
1823529,ACT,100.0,500,SEC 10-K / Annual Report 2021
934549,ACTG,350.0,250,SEC 10-K / Annual Report 2021
1637873,ACVA,80.0,300,SEC 10-K / Annual Report 2021
1818838,ADAG,30.0,300,SEC 10-K / Annual Report 2021
1736243,ACXP,10.0,150,SEC 10-K / Annual Report 2021
796343,ADBE,15785.0,26000,SEC 10-K / Annual Report 2021
1621227,ADAP,30.0,300,SEC 10-K / Annual Report 2021
1368514,ADMA,100.0,500,SEC 10-K / Annual Report 2021
1515156,ADES,180.0,450,SEC 10-K / Annual Report 2021
6281,ADI,7318.0,16000,SEC 10-K / Annual Report 2021
1513525,ADIL,10.0,80,SEC 10-K / Annual Report 2021
887247,ADMP,20.0,150,SEC 10-K / Annual Report 2021
1069308,ACER,15.0,100,SEC 10-K / Annual Report 2021
1824884,ADOC,0.0,20,SEC 10-K / Annual Report 2021
1468328,ADUS,400.0,6000,SEC 10-K / Annual Report 2021
947484,ACGL,3244.0,14000,SEC 10-K / Annual Report 2021
1478320,ADPT,200.0,600,SEC 10-K / Annual Report 2021
769397,ADSK,4390.0,13050,SEC 10-K / Annual Report 2021
8670,ADP,15882.0,58000,SEC 10-K / Annual Report 2021
1726711,ADTX,5.0,50,SEC 10-K / Annual Report 2021
1776661,ADV,200.0,800,SEC 10-K / Annual Report 2021
1501756,ADVM,20.0,150,SEC 10-K / Annual Report 2021
1040470,AEHR,50.0,200,SEC 10-K / Annual Report 2021
1470683,AEHL,100.0,400,SEC 10-K / Annual Report 2021
1750106,AEI,100.0,300,SEC 10-K / Annual Report 2021
927003,AEIS,800.0,3000,SEC 10-K / Annual Report 2021
4904,AEP,16455.0,17000,SEC 10-K / Annual Report 2021
882291,AEMD,5.0,80,SEC 10-K / Annual Report 2021
1708341,AESE,30.0,200,SEC 10-K / Annual Report 2021
1362190,AEYE,30.0,200,SEC 10-K / Annual Report 2021
1337553,AERI,200.0,600,SEC 10-K / Annual Report 2021
874292,AEY,300.0,1000,SEC 10-K / Annual Report 2021
1841661,AFAQ,0.0,20,SEC 10-K / Annual Report 2021
1608390,AFMD,30.0,200,SEC 10-K / Annual Report 2021
1822523,AFCG,100.0,100,SEC 10-K / Annual Report 2021
1823406,AFBI,100.0,400,SEC 10-K / Annual Report 2021
1820953,AFRM,765.0,1600,SEC 10-K / Annual Report 2021
1522860,AFIB,20.0,200,SEC 10-K / Annual Report 2021
1098972,AGEN,100.0,600,SEC 10-K / Annual Report 2021
1771007,AFYA,370.0,4500,SEC 10-K / Annual Report 2021
1592016,AGFS,100.0,500,SEC 10-K / Annual Report 2021
1800637,AGFY,50.0,300,SEC 10-K / Annual Report 2021
1790625,AGIL,50.0,300,SEC 10-K / Annual Report 2021
1705402,AGMH,30.0,150,SEC 10-K / Annual Report 2021
1439222,AGIO,230.0,800,SEC 10-K / Annual Report 2021
1636282,AGLE,20.0,150,SEC 10-K / Annual Report 2021
1423689,AGNC,2100.0,80,SEC 10-K / Annual Report 2021
1826397,AGRI,100.0,500,SEC 10-K / Annual Report 2021
1261249,AGRX,5.0,80,SEC 10-K / Annual Report 2021
78749,AGYS,200.0,1500,SEC 10-K / Annual Report 2021
1273636,AGTC,10.0,150,SEC 10-K / Annual Report 2021
1725255,AHCO,800.0,6500,SEC 10-K / Annual Report 2021
874710,AHPI,30.0,200,SEC 10-K / Annual Report 2021
1882963,AIB,50.0,200,SEC 10-K / Annual Report 2021
926282,ADTN,600.0,2100,SEC 10-K / Annual Report 2021
1744494,ADN,30.0,200,SEC 10-K / Annual Report 2021
12239,AIKI,10.0,80,SEC 10-K / Annual Report 2021
1826574,AKIC,0.0,20,SEC 10-K / Annual Report 2021
1667011,AIP,0.0,20,SEC 10-K / Annual Report 2021
1744659,AKRO,20.0,200,SEC 10-K / Annual Report 2021
353184,AIRT,200.0,900,SEC 10-K / Annual Report 2021
1374535,AIMC,200.0,1200,SEC 10-K / Annual Report 2021
1517022,AKBA,30.0,300,SEC 10-K / Annual Report 2021
1272842,AIRG,90.0,700,SEC 10-K / Annual Report 2021
1870940,AIRS,10.0,100,SEC 10-K / Annual Report 2021
1086222,AKAM,3461.0,10200,SEC 10-K / Annual Report 2021
1776197,AKU,400.0,2000,SEC 10-K / Annual Report 2021
1722271,AKUS,20.0,150,SEC 10-K / Annual Report 2021
1584754,AKTS,50.0,300,SEC 10-K / Annual Report 2021
1541157,AKTX,5.0,80,SEC 10-K / Annual Report 2021
1322505,ALBO,15.0,80,SEC 10-K / Annual Report 2021
1711933,AKYA,50.0,300,SEC 10-K / Annual Report 2021
3545,ALCO,200.0,900,SEC 10-K / Annual Report 2021
1341235,ALDX,10.0,100,SEC 10-K / Annual Report 2021
1653087,ALEC,10.0,100,SEC 10-K / Annual Report 2021
866291,ALGM,600.0,2400,SEC 10-K / Annual Report 2021
1833908,ALF,100.0,400,SEC 10-K / Annual Report 2021
1097149,ALGN,3950.0,12000,SEC 10-K / Annual Report 2021
1799448,ALGS,50.0,300,SEC 10-K / Annual Report 2021
1832466,ALHC,200.0,1800,SEC 10-K / Annual Report 2021
1520262,ALKS,970.0,1700,SEC 10-K / Annual Report 2021
1267602,ALIM,20.0,150,SEC 10-K / Annual Report 2021
1362468,ALGT,540.0,3500,SEC 10-K / Annual Report 2021
1757143,AIH,100.0,500,SEC 10-K / Annual Report 2021
1529274,ALKT,30.0,200,SEC 10-K / Annual Report 2021
1178670,ALNY,980.0,1200,SEC 10-K / Annual Report 2021
1365767,ALLT,150.0,800,SEC 10-K / Annual Report 2021
1737287,ALLO,30.0,300,SEC 10-K / Annual Report 2021
6951,AMAT,23063.0,29000,SEC 10-K / Annual Report 2021
2488,AMD,16434.0,15500,SEC 10-K / Annual Report 2021
718877,ATVI,8803.0,9800,SEC 10-K / Annual Report 2021
1730168,AVGO,27450.0,20000,SEC 10-K / Annual Report 2021
1013462,ANSS,1908.0,5500,SEC 10-K / Annual Report 2021
1018724,AMZN,469822.0,1608000,SEC 10-K / Annual Report 2021
1711012,AIHS,100.0,500,SEC 10-K / Annual Report 2021
1841666,APA,6261.0,2400,SEC 10-K / Annual Report 2021
875045,BIIB,10982.0,9000,SEC 10-K / Annual Report 2021
1075531,BKNG,10958.0,17000,SEC 10-K / Annual Report 2021
813672,CDNS,2988.0,8800,SEC 10-K / Annual Report 2021
1402057,CDW,20829.0,14800,SEC 10-K / Annual Report 2021
1043277,CHRW,23102.0,19000,SEC 10-K / Annual Report 2021
20286,CINF,7189.0,5800,SEC 10-K / Annual Report 2021
1091667,CHTR,51682.0,101000,SEC 10-K / Annual Report 2021
1166691,CMCSA,116385.0,189000,SEC 10-K / Annual Report 2021
900075,CPRT,2688.0,23000,SEC 10-K / Annual Report 2021
909832,COST,192052.0,288000,SEC 10-K / Annual Report 2021
277948,CSX,12522.0,22742,SEC 10-K / Annual Report 2021
1058290,CTSH,18521.0,300600,SEC 10-K / Annual Report 2021
1156375,CME,4688.0,3000,SEC 10-K / Annual Report 2021
858877,CSCO,49818.0,79500,SEC 10-K / Annual Report 2021
723254,CTAS,7058.0,45000,SEC 10-K / Annual Report 2021
877890,CTXS,3278.0,9700,SEC 10-K / Annual Report 2021
1590895,CZR,9567.0,65000,SEC 10-K / Annual Report 2021
1001082,DISH,17186.0,16500,SEC 10-K / Annual Report 2021
935703,DLTR,27209.0,193000,SEC 10-K / Annual Report 2021
1093557,DXCM,2389.0,6000,SEC 10-K / Annual Report 2021
712515,EA,5629.0,9900,SEC 10-K / Annual Report 2021
352541,LNT,1655.0,4400,SEC 10-K / Annual Report 2021
1539838,FANG,5720.0,1100,SEC 10-K / Annual Report 2021
1065088,EBAY,10420.0,11600,SEC 10-K / Annual Report 2021
1065696,LKQ,12549.0,46000,SEC 10-K / Annual Report 2021
1652044,GOOGL,257637.0,156500,SEC 10-K / Annual Report 2021
1048286,MAR,13857.0,120000,SEC 10-K / Annual Report 2021
827054,MCHP,5383.0,20000,SEC 10-K / Annual Report 2021
707549,LRCX,14629.0,15000,SEC 10-K / Annual Report 2021
1103982,MDLZ,28720.0,79000,SEC 10-K / Annual Report 2021
1326801,META,117929.0,71970,SEC 10-K / Annual Report 2021
1278021,MKTX,855.0,700,SEC 10-K / Annual Report 2021
865752,MNST,5541.0,3500,SEC 10-K / Annual Report 2021
1682852,MRNA,18471.0,3900,SEC 10-K / Annual Report 2021
891103,MTCH,2983.0,2800,SEC 10-K / Annual Report 2021
1280452,MPWR,1207.0,2600,SEC 10-K / Annual Report 2021
789019,MSFT,168088.0,181000,SEC 10-K / Annual Report 2021
723125,MU,27705.0,45000,SEC 10-K / Annual Report 2021
1120193,NDAQ,3587.0,6600,SEC 10-K / Annual Report 2021
849399,NLOK,2793.0,4000,SEC 10-K / Annual Report 2021
73124,NTRS,6056.0,20000,SEC 10-K / Annual Report 2021
814453,NWL,9464.0,32000,SEC 10-K / Annual Report 2021
1045810,NVDA,16675.0,22473,SEC 10-K / Annual Report 2021
1564824,ALLK,20.0,200,SEC 10-K / Annual Report 2021
1564708,NWSA,10051.0,22000,SEC 10-K / Annual Report 2021
878927,ODFL,5213.0,23000,SEC 10-K / Annual Report 2021
75362,PCAR,23522.0,27000,SEC 10-K / Annual Report 2021
1413447,NXPI,11063.0,34500,SEC 10-K / Annual Report 2021
898173,ORLY,13328.0,88000,SEC 10-K / Annual Report 2021
723531,PAYX,4055.0,16000,SEC 10-K / Annual Report 2021
1126328,PFG,15000.0,21000,SEC 10-K / Annual Report 2021
745732,ROST,18916.0,100000,SEC 10-K / Annual Report 2021
1034054,SBAC,2287.0,2000,SEC 10-K / Annual Report 2021
804328,QCOM,33566.0,45000,SEC 10-K / Annual Report 2021
945841,POOL,4693.0,5600,SEC 10-K / Annual Report 2021
77476,PEP,79474.0,309000,SEC 10-K / Annual Report 2021
829224,SBUX,29061.0,383000,SEC 10-K / Annual Report 2021
910606,REG,1034.0,400,SEC 10-K / Annual Report 2021
1604778,QRVO,3243.0,8000,SEC 10-K / Annual Report 2021
857005,PTC,1806.0,7000,SEC 10-K / Annual Report 2021
921738,PENN,5897.0,24500,SEC 10-K / Annual Report 2021
1633917,PYPL,25371.0,30900,SEC 10-K / Annual Report 2021
872589,REGN,16072.0,11300,SEC 10-K / Annual Report 2021
318154,AMGN,25979.0,24000,SEC 10-K / Annual Report 2021
883241,SNPS,4204.0,16000,SEC 10-K / Annual Report 2021
1137789,STX,10706.0,40000,SEC 10-K / Annual Report 2021
842023,TECH,892.0,5000,SEC 10-K / Annual Report 2021
97210,TER,3703.0,5300,SEC 10-K / Annual Report 2021
4127,SWKS,5202.0,9000,SEC 10-K / Annual Report 2021
864749,TRMB,3659.0,12600,SEC 10-K / Annual Report 2021
1113169,TROW,8020.0,8000,SEC 10-K / Annual Report 2021
946581,TTWO,3373.0,5800,SEC 10-K / Annual Report 2021
1318605,TSLA,53823.0,99290,SEC 10-K / Annual Report 2021
916365,TSCO,12254.0,45000,SEC 10-K / Annual Report 2021
97476,TXN,18344.0,31000,SEC 10-K / Annual Report 2021
1283699,TMUS,79571.0,75000,SEC 10-K / Annual Report 2021
100517,UAL,24634.0,84100,SEC 10-K / Annual Report 2021
1442145,VRSK,2773.0,10000,SEC 10-K / Annual Report 2021
1403568,ULTA,8629.0,47000,SEC 10-K / Annual Report 2021
875320,VRTX,7569.0,4000,SEC 10-K / Annual Report 2021
1792044,VTRS,17824.0,38000,SEC 10-K / Annual Report 2021
1014473,VRSN,1328.0,1000,SEC 10-K / Annual Report 2021
1618921,WBA,132703.0,315000,SEC 10-K / Annual Report 2021
1002047,NTAP,5744.0,10700,SEC 10-K / Annual Report 2021
72903,XEL,13423.0,12000,SEC 10-K / Annual Report 2021
818479,XRAY,4001.0,16000,SEC 10-K / Annual Report 2021
877212,ZBRA,5627.0,9900,SEC 10-K / Annual Report 2021
1158449,AAP,11270.0,68000,SEC 10-K / Annual Report 2021
109380,ZION,2832.0,10000,SEC 10-K / Annual Report 2021
1174922,WYNN,1327.0,24000,SEC 10-K / Annual Report 2021
1090872,A,6319.0,16000,SEC 10-K / Annual Report 2021
1551152,ABBV,56197.0,50000,SEC 10-K / Annual Report 2021
1140859,ABC,222903.0,44000,SEC 10-K / Annual Report 2021
7084,ADM,85249.0,40000,SEC 10-K / Annual Report 2021
1800,ABT,20243.0,113000,SEC 10-K / Annual Report 2021
1002910,AEE,2534.0,9000,SEC 10-K / Annual Report 2021
874761,AES,10511.0,8000,SEC 10-K / Annual Report 2021
4977,AFL,22124.0,12000,SEC 10-K / Annual Report 2021
1467373,ACN,50533.0,624000,SEC 10-K / Annual Report 2021
354190,AJG,7782.0,33000,SEC 10-K / Annual Report 2021
1267238,AIZ,5116.0,18000,SEC 10-K / Annual Report 2021
766421,ALK,6175.0,22000,SEC 10-K / Annual Report 2021
915913,ALB,3128.0,7200,SEC 10-K / Annual Report 2021
5272,AIG,52522.0,36200,SEC 10-K / Annual Report 2021
899051,ALL,44799.0,54000,SEC 10-K / Annual Report 2021
1579241,ALLE,2336.0,11000,SEC 10-K / Annual Report 2021
820027,AMP,13500.0,12000,SEC 10-K / Annual Report 2021
1037868,AME,5540.0,18900,SEC 10-K / Annual Report 2021
1053507,AMT,8042.0,5765,SEC 10-K / Annual Report 2021
91142,AOS,3252.0,13600,SEC 10-K / Annual Report 2021
2969,APD,10324.0,21900,SEC 10-K / Annual Report 2021
315293,AON,12193.0,50000,SEC 10-K / Annual Report 2021
1596532,ANET,2585.0,6000,SEC 10-K / Annual Report 2021
820313,APH,10876.0,90000,SEC 10-K / Annual Report 2021
731802,ATO,3600.0,4500,SEC 10-K / Annual Report 2021
1410636,AWK,3930.0,7100,SEC 10-K / Annual Report 2021
1035443,ARE,2108.0,1000,SEC 10-K / Annual Report 2021
1521332,APTV,15590.0,168000,SEC 10-K / Annual Report 2021
915912,AVB,2253.0,3000,SEC 10-K / Annual Report 2021
8818,AVY,8026.0,35000,SEC 10-K / Annual Report 2021
12927,BA,62286.0,141000,SEC 10-K / Annual Report 2021
70858,BAC,89113.0,208000,SEC 10-K / Annual Report 2021
10456,BAX,12823.0,60000,SEC 10-K / Annual Report 2021
701985,BBWI,7388.0,31000,SEC 10-K / Annual Report 2021
10795,BDX,20248.0,75000,SEC 10-K / Annual Report 2021
12208,BIO,2798.0,7600,SEC 10-K / Annual Report 2021
764478,BBY,51760.0,102000,SEC 10-K / Annual Report 2021
1390777,BK,15895.0,50300,SEC 10-K / Annual Report 2021
4962,AXP,41769.0,64000,SEC 10-K / Annual Report 2021
1383312,BR,4700.0,13000,SEC 10-K / Annual Report 2021
14272,BMY,46385.0,32200,SEC 10-K / Annual Report 2021
79282,BRO,3200.0,10000,SEC 10-K / Annual Report 2021
866787,AZO,14629.0,103000,SEC 10-K / Annual Report 2021
885725,BSX,11888.0,40000,SEC 10-K / Annual Report 2021
1393818,BX,13000.0,3600,SEC 10-K / Annual Report 2021
1037540,BXP,2775.0,2600,SEC 10-K / Annual Report 2021
719739,SIVB,3085.0,8500,SEC 10-K / Annual Report 2021
831001,C,71884.0,223400,SEC 10-K / Annual Report 2021
18230,CAT,51048.0,97300,SEC 10-K / Annual Report 2021
1783180,CARR,18606.0,55000,SEC 10-K / Annual Report 2021
1138118,CBRE,27442.0,105000,SEC 10-K / Annual Report 2021
1051470,CCI,5785.0,5000,SEC 10-K / Annual Report 2021
1725057,CDAY,1006.0,6000,SEC 10-K / Annual Report 2021
28412,CMA,2866.0,8800,SEC 10-K / Annual Report 2021
882184,DHI,21977.0,12700,SEC 10-K / Annual Report 2021
29905,DOV,7913.0,24000,SEC 10-K / Annual Report 2021
940944,DRI,9595.0,177000,SEC 10-K / Annual Report 2021
1306830,CE,7250.0,9000,SEC 10-K / Annual Report 2021
29534,DG,34221.0,158000,SEC 10-K / Annual Report 2021
1058090,CMG,7547.0,97600,SEC 10-K / Annual Report 2021
1022079,DGX,10790.0,47000,SEC 10-K / Annual Report 2021
815097,CCL,1909.0,88000,SEC 10-K / Annual Report 2021
313927,CHD,4996.0,5900,SEC 10-K / Annual Report 2021
1751788,DOW,54968.0,35700,SEC 10-K / Annual Report 2021
1393612,DFS,11649.0,18000,SEC 10-K / Annual Report 2021
1326160,DUK,25079.0,28000,SEC 10-K / Annual Report 2021
783280,DRE,1021.0,600,SEC 10-K / Annual Report 2021
1324404,CF,5310.0,3000,SEC 10-K / Annual Report 2021
1090012,DVN,11567.0,1600,SEC 10-K / Annual Report 2021
31462,ECL,12654.0,48000,SEC 10-K / Annual Report 2021
354950,HD,151157.0,490600,SEC 10-K / Annual Report 2021
936340,DTE,14054.0,10000,SEC 10-K / Annual Report 2021
827052,EIX,14208.0,14000,SEC 10-K / Annual Report 2021
24741,GLW,14082.0,50000,SEC 10-K / Annual Report 2021
927066,DVA,11638.0,67000,SEC 10-K / Annual Report 2021
106040,WDC,16922.0,67000,SEC 10-K / Annual Report 2021
886982,GS,59339.0,45100,SEC 10-K / Annual Report 2021
1688568,DXC,16265.0,130000,SEC 10-K / Annual Report 2021
1551182,ETN,19628.0,85000,SEC 10-K / Annual Report 2021
1047862,ED,12947.0,14000,SEC 10-K / Annual Report 2021
47111,HSY,8971.0,16000,SEC 10-K / Annual Report 2021
200406,JNJ,93775.0,136400,SEC 10-K / Annual Report 2021
19617,JPM,121649.0,271025,SEC 10-K / Annual Report 2021
21344,KO,38655.0,79000,SEC 10-K / Annual Report 2021
1170010,KMX,28184.0,29500,SEC 10-K / Annual Report 2021
1336920,LDOS,13746.0,45000,SEC 10-K / Annual Report 2021
58492,LEG,4283.0,21000,SEC 10-K / Annual Report 2021
63908,MCD,23223.0,200000,SEC 10-K / Annual Report 2021
1707925,LIN,30793.0,82000,SEC 10-K / Annual Report 2021
18926,LUMN,19688.0,22000,SEC 10-K / Annual Report 2021
1489393,LYB,46768.0,19200,SEC 10-K / Annual Report 2021
1059556,MCO,6037.0,14000,SEC 10-K / Annual Report 2021
927653,MCK,238228.0,67000,SEC 10-K / Annual Report 2021
62996,MAS,7974.0,20000,SEC 10-K / Annual Report 2021
60667,LOW,96250.0,300000,SEC 10-K / Annual Report 2021
1613103,MDT,30117.0,95000,SEC 10-K / Annual Report 2021
63754,MKC,6317.0,13000,SEC 10-K / Annual Report 2021
1099219,MET,69878.0,43000,SEC 10-K / Annual Report 2021
789570,MGM,9682.0,44000,SEC 10-K / Annual Report 2021
62709,MMC,17012.0,78000,SEC 10-K / Annual Report 2021
764180,MO,21119.0,7000,SEC 10-K / Annual Report 2021
908255,BWA,14839.0,49000,SEC 10-K / Annual Report 2021
310158,MRK,48704.0,68000,SEC 10-K / Annual Report 2021
101778,MRO,5272.0,2300,SEC 10-K / Annual Report 2021
1510295,MPC,120376.0,18000,SEC 10-K / Annual Report 2021
895421,MS,59755.0,75498,SEC 10-K / Annual Report 2021
36270,MTB,5714.0,17000,SEC 10-K / Annual Report 2021
1037646,MTD,3318.0,14600,SEC 10-K / Annual Report 2021
68505,MSI,7878.0,19000,SEC 10-K / Annual Report 2021
753308,NEE,17069.0,14900,SEC 10-K / Annual Report 2021
1408198,MSCI,1978.0,3800,SEC 10-K / Annual Report 2021
1513761,NCLH,1295.0,32500,SEC 10-K / Annual Report 2021
1111711,NI,1765.0,7600,SEC 10-K / Annual Report 2021
1133421,NOC,35667.0,90000,SEC 10-K / Annual Report 2021
1373715,NOW,5896.0,17000,SEC 10-K / Annual Report 2021
73309,NUE,36484.0,27400,SEC 10-K / Annual Report 2021
1492633,NLSN,6336.0,14000,SEC 10-K / Annual Report 2021
702165,NSC,11142.0,20900,SEC 10-K / Annual Report 2021
906163,NVR,8498.0,6700,SEC 10-K / Annual Report 2021
80661,PGR,45277.0,49900,SEC 10-K / Annual Report 2021
78003,PFE,81288.0,79000,SEC 10-K / Annual Report 2021
822416,PHM,13842.0,6300,SEC 10-K / Annual Report 2021
76334,PH,14884.0,55000,SEC 10-K / Annual Report 2021
31791,PKI,3780.0,15000,SEC 10-K / Annual Report 2021
1045609,PLD,4759.0,2600,SEC 10-K / Annual Report 2021
79879,PPG,16827.0,49000,SEC 10-K / Annual Report 2021
1393311,PSA,2822.0,5900,SEC 10-K / Annual Report 2021
713676,PNC,17775.0,56000,SEC 10-K / Annual Report 2021
1413329,PM,31405.0,71000,SEC 10-K / Annual Report 2021
75677,PKG,7025.0,14000,SEC 10-K / Annual Report 2021
1534701,PSX,111407.0,14300,SEC 10-K / Annual Report 2021
1137774,PRU,59188.0,40000,SEC 10-K / Annual Report 2021
77360,PNR,3536.0,11600,SEC 10-K / Annual Report 2021
764622,PNW,3648.0,6700,SEC 10-K / Annual Report 2021
922224,PPL,7892.0,6800,SEC 10-K / Annual Report 2021
1050915,PWR,12754.0,47000,SEC 10-K / Annual Report 2021
720005,RJF,9765.0,15000,SEC 10-K / Annual Report 2021
1281761,RF,6073.0,22000,SEC 10-K / Annual Report 2021
884887,RCL,5542.0,60000,SEC 10-K / Annual Report 2021
1037038,RL,6179.0,26000,SEC 10-K / Annual Report 2021
78239,PVH,9153.0,40000,SEC 10-K / Annual Report 2021
315213,RHI,5855.0,38500,SEC 10-K / Annual Report 2021
1038357,PXD,9483.0,1750,SEC 10-K / Annual Report 2021
84839,ROL,2032.0,13000,SEC 10-K / Annual Report 2021
943819,RMD,3202.0,8000,SEC 10-K / Annual Report 2021
316709,SCHW,18521.0,33200,SEC 10-K / Annual Report 2021
1024478,ROK,6977.0,23000,SEC 10-K / Annual Report 2021
1260221,TDG,14196.0,14000,SEC 10-K / Annual Report 2021
1012100,SEE,5674.0,17000,SEC 10-K / Annual Report 2021
882835,ROP,5543.0,14000,SEC 10-K / Annual Report 2021
93556,SWK,15617.0,54700,SEC 10-K / Annual Report 2021
16918,STZ,8819.0,10000,SEC 10-K / Annual Report 2021
310764,SYK,17108.0,40000,SEC 10-K / Annual Report 2021
96021,SYY,57981.0,57000,SEC 10-K / Annual Report 2021
89800,SHW,19945.0,61000,SEC 10-K / Annual Report 2021
64040,SPGI,8297.0,33790,SEC 10-K / Annual Report 2021
1757898,STE,4527.0,18000,SEC 10-K / Annual Report 2021
1601712,SYF,8180.0,20000,SEC 10-K / Annual Report 2021
1063761,SPG,4738.0,4300,SEC 10-K / Annual Report 2021
1032208,SRE,10998.0,15000,SEC 10-K / Annual Report 2021
92122,SO,20537.0,29000,SEC 10-K / Annual Report 2021
93751,STT,12034.0,40000,SEC 10-K / Annual Report 2021
91440,SNA,3735.0,14700,SEC 10-K / Annual Report 2021
101829,RTX,64388.0,181000,SEC 10-K / Annual Report 2021
874766,HIG,22388.0,20000,SEC 10-K / Annual Report 2021
1385157,TEL,14197.0,65000,SEC 10-K / Annual Report 2021
96943,TFX,2537.0,14000,SEC 10-K / Annual Report 2021
92230,TFC,14934.0,55000,SEC 10-K / Annual Report 2021
1094285,TDY,3082.0,13000,SEC 10-K / Annual Report 2021
27419,TGT,106005.0,440000,SEC 10-K / Annual Report 2021
109198,TJX,48549.0,294000,SEC 10-K / Annual Report 2021
1116132,TPR,6038.0,15000,SEC 10-K / Annual Report 2021
86312,TRV,33977.0,30400,SEC 10-K / Annual Report 2021
97745,TMO,39211.0,80000,SEC 10-K / Annual Report 2021
1466258,TT,14125.0,38000,SEC 10-K / Annual Report 2021
100493,TSN,47049.0,137000,SEC 10-K / Annual Report 2021
860731,TYL,1090.0,5800,SEC 10-K / Annual Report 2021
217346,TXT,12867.0,35000,SEC 10-K / Annual Report 2021
731766,UNH,287597.0,350000,SEC 10-K / Annual Report 2021
1090727,UPS,97287.0,534000,SEC 10-K / Annual Report 2021
74208,UDR,1054.0,1700,SEC 10-K / Annual Report 2021
352915,UHS,12642.0,90000,SEC 10-K / Annual Report 2021
1285785,MOS,12344.0,14600,SEC 10-K / Annual Report 2021
36104,USB,23290.0,68000,SEC 10-K / Annual Report 2021
1067701,URI,10138.0,19600,SEC 10-K / Annual Report 2021
899689,VNO,1765.0,4400,SEC 10-K / Annual Report 2021
1035002,VLO,108332.0,10000,SEC 10-K / Annual Report 2021
103379,VFC,11803.0,35000,SEC 10-K / Annual Report 2021
1403161,V,12970.0,21500,SEC 10-K / Annual Report 2021
740260,VTR,3700.0,500,SEC 10-K / Annual Report 2021
1396009,VMC,4625.0,10000,SEC 10-K / Annual Report 2021
783325,WEC,7718.0,8000,SEC 10-K / Annual Report 2021
766704,WELL,4707.0,3400,SEC 10-K / Annual Report 2021
1000697,WAT,2562.0,7300,SEC 10-K / Annual Report 2021
823768,WM,18199.0,49500,SEC 10-K / Annual Report 2021
943452,WAB,7836.0,27000,SEC 10-K / Annual Report 2021
107263,WMB,10627.0,6800,SEC 10-K / Annual Report 2021
72971,WFC,78492.0,250000,SEC 10-K / Annual Report 2021
106640,WHR,19407.0,78000,SEC 10-K / Annual Report 2021
105770,WST,2815.0,8400,SEC 10-K / Annual Report 2021
11544,WRB,10026.0,8000,SEC 10-K / Annual Report 2021
104169,WMT,572754.0,2300000,SEC 10-K / Annual Report 2021
1365135,WU,5062.0,10000,SEC 10-K / Annual Report 2021
1041061,YUM,6090.0,34000,SEC 10-K / Annual Report 2021
1524472,XYL,5202.0,21000,SEC 10-K / Annual Report 2021
106535,WY,10201.0,9600,SEC 10-K / Annual Report 2021
1732845,WRK,18286.0,49000,SEC 10-K / Annual Report 2021
34088,XOM,276692.0,63000,SEC 10-K / Annual Report 2021
1136869,ZBH,8001.0,21000,SEC 10-K / Annual Report 2021
1555280,ZTS,7776.0,12100,SEC 10-K / Annual Report 2021
315189,DE,44024.0,69000,SEC 10-K / Annual Report 2021
1666700,DD,15668.0,34300,SEC 10-K / Annual Report 2021
715957,D,15785.0,17000,SEC 10-K / Annual Report 2021
64803,CVS,292111.0,258000,SEC 10-K / Annual Report 2021
27904,DAL,29899.0,83000,SEC 10-K / Annual Report 2021
1108524,CRM,26492.0,73541,SEC 10-K / Annual Report 2021
93410,CVX,155606.0,42595,SEC 10-K / Annual Report 2021
1755672,CTVA,15655.0,23000,SEC 10-K / Annual Report 2021
858470,CTRA,2300.0,700,SEC 10-K / Annual Report 2021
1596783,CTLT,4185.0,16000,SEC 10-K / Annual Report 2021
16732,CPB,8475.0,14000,SEC 10-K / Annual Report 2021
1100682,CRL,3537.0,19000,SEC 10-K / Annual Report 2021
1163165,COP,47020.0,9700,SEC 10-K / Annual Report 2021
711404,COO,3105.0,14000,SEC 10-K / Annual Report 2021
927628,COF,31364.0,51300,SEC 10-K / Annual Report 2021
1071739,CNC,125985.0,75000,SEC 10-K / Annual Report 2021
1130310,CNP,8178.0,8500,SEC 10-K / Annual Report 2021
811156,CMS,6963.0,7500,SEC 10-K / Annual Report 2021
26172,CMI,19811.0,57825,SEC 10-K / Annual Report 2021
21665,CL,17421.0,33700,SEC 10-K / Annual Report 2021
66740,MMM,35355.0,95000,SEC 10-K / Annual Report 2021
759944,CFG,7188.0,17500,SEC 10-K / Annual Report 2021
23217,CAG,11198.0,18000,SEC 10-K / Annual Report 2021
1739940,CI,174078.0,74000,SEC 10-K / Annual Report 2021
721371,CAH,162467.0,44000,SEC 10-K / Annual Report 2021
1141391,MA,18884.0,24000,SEC 10-K / Annual Report 2021
1679273,LW,4404.0,10000,SEC 10-K / Annual Report 2021
912595,MAA,1780.0,2500,SEC 10-K / Annual Report 2021
916076,MLM,5010.0,10500,SEC 10-K / Annual Report 2021
92380,LUV,15791.0,56500,SEC 10-K / Annual Report 2021
59558,LNC,18921.0,11000,SEC 10-K / Annual Report 2021
920760,LEN,26266.0,8000,SEC 10-K / Annual Report 2021
80424,PG,76118.0,101000,SEC 10-K / Annual Report 2021
1821825,OGN,6518.0,9000,SEC 10-K / Annual Report 2021
797468,OXY,25974.0,11400,SEC 10-K / Annual Report 2021
1571996,DELL,101197.0,133000,SEC 10-K / Annual Report 2021
1590955,PAYC,1005.0,5300,SEC 10-K / Annual Report 2021
788784,PEG,9325.0,13000,SEC 10-K / Annual Report 2021
1039684,OKE,14218.0,4600,SEC 10-K / Annual Report 2021
1013871,NRG,9828.0,3600,SEC 10-K / Annual Report 2021
60086,L,17012.0,19000,SEC 10-K / Annual Report 2021
29989,OMC,14289.0,77000,SEC 10-K / Annual Report 2021
1341439,ORCL,40479.0,143000,SEC 10-K / Annual Report 2021
726728,O,1800.0,300,SEC 10-K / Annual Report 2021
1286681,DPZ,4117.0,16000,SEC 10-K / Annual Report 2021
732717,T,168864.0,203000,SEC 10-K / Annual Report 2021
100885,UNP,21804.0,32269,SEC 10-K / Annual Report 2021
1164727,NEM,11497.0,15300,SEC 10-K / Annual Report 2021
1048911,FDX,83959.0,570000,SEC 10-K / Annual Report 2021
320187,NKE,44538.0,73300,SEC 10-K / Annual Report 2021
37996,F,136341.0,183000,SEC 10-K / Annual Report 2021
936468,LMT,67044.0,114000,SEC 10-K / Annual Report 2021
1060391,RSG,10150.0,40000,SEC 10-K / Annual Report 2021
1463101,ENPH,1382.0,3000,SEC 10-K / Annual Report 2021
1109357,EXC,35985.0,22500,SEC 10-K / Annual Report 2021
746515,EXPD,16529.0,17711,SEC 10-K / Annual Report 2021
1324424,EXPE,8598.0,22000,SEC 10-K / Annual Report 2021
815556,FAST,5353.0,23000,SEC 10-K / Annual Report 2021
1048695,FFIV,2601.0,6500,SEC 10-K / Annual Report 2021
798354,FISV,14852.0,44000,SEC 10-K / Annual Report 2021
1101239,EQIX,6636.0,10000,SEC 10-K / Annual Report 2021
1262039,FTNT,2590.0,8000,SEC 10-K / Annual Report 2021
1370637,ETSY,2329.0,2700,SEC 10-K / Annual Report 2021
38777,BEN,1628.0,9400,SEC 10-K / Annual Report 2021
1297996,DLR,4054.0,3000,SEC 10-K / Annual Report 2021
313616,DHR,29453.0,78000,SEC 10-K / Annual Report 2021
33185,EFX,4928.0,13000,SEC 10-K / Annual Report 2021
1001250,EL,16215.0,85000,SEC 10-K / Annual Report 2021
915389,EMN,9823.0,14400,SEC 10-K / Annual Report 2021
32604,EMR,15160.0,86700,SEC 10-K / Annual Report 2021
821189,EOG,17350.0,2800,SEC 10-K / Annual Report 2021
906107,EQR,2257.0,2500,SEC 10-K / Annual Report 2021
72741,ES,2327.0,8500,SEC 10-K / Annual Report 2021
920522,ESS,1526.0,1500,SEC 10-K / Annual Report 2021
35527,FITB,7651.0,20000,SEC 10-K / Annual Report 2021
65984,ETR,11019.0,13000,SEC 10-K / Annual Report 2021
1289490,EXR,1340.0,4400,SEC 10-K / Annual Report 2021
1099800,EW,5232.0,14000,SEC 10-K / Annual Report 2021
1754301,FOXA,14108.0,8400,SEC 10-K / Annual Report 2021
831259,FCX,22845.0,27500,SEC 10-K / Annual Report 2021
1031296,FE,11049.0,13000,SEC 10-K / Annual Report 2021
1175454,FLT,2672.0,11000,SEC 10-K / Annual Report 2021
1136893,FIS,13877.0,65000,SEC 10-K / Annual Report 2021
1132979,FRC,5155.0,7000,SEC 10-K / Annual Report 2021
37785,FMC,5047.0,7300,SEC 10-K / Annual Report 2021
34903,FRT,878.0,200,SEC 10-K / Annual Report 2021
1659166,FTV,2800.0,10000,SEC 10-K / Annual Report 2021
39911,GPS,4480.0,90000,SEC 10-K / Annual Report 2021
1121788,GRMN,4982.0,18000,SEC 10-K / Annual Report 2021
749251,IT,4600.0,18000,SEC 10-K / Annual Report 2021
59478,LLY,28318.0,35000,SEC 10-K / Annual Report 2021
1095073,RE,11736.0,15000,SEC 10-K / Annual Report 2021
1711269,EVRG,2423.0,5000,SEC 10-K / Annual Report 2021
1519751,FBHS,3019.0,13000,SEC 10-K / Annual Report 2021
882095,GILD,27305.0,13000,SEC 10-K / Annual Report 2021
859737,HOLX,5594.0,9000,SEC 10-K / Annual Report 2021
1000228,HSIC,11993.0,24000,SEC 10-K / Annual Report 2021
773840,HON,34392.0,100000,SEC 10-K / Annual Report 2021
1070750,HST,2765.0,200,SEC 10-K / Annual Report 2021
40533,GD,38469.0,103100,SEC 10-K / Annual Report 2021
46080,HAS,6421.0,15000,SEC 10-K / Annual Report 2021
49196,HBAN,5606.0,17000,SEC 10-K / Annual Report 2021
320335,GL,4850.0,9500,SEC 10-K / Annual Report 2021
40987,GPC,17119.0,50000,SEC 10-K / Annual Report 2021
1474735,GNRC,3736.0,7800,SEC 10-K / Annual Report 2021
1123360,GPN,7735.0,26000,SEC 10-K / Annual Report 2021
860730,HCA,58752.0,244000,SEC 10-K / Annual Report 2021
1359841,HBI,6804.0,69000,SEC 10-K / Annual Report 2021
1501585,HII,9524.0,43000,SEC 10-K / Annual Report 2021
1645590,HPE,27784.0,60000,SEC 10-K / Annual Report 2021
4447,HES,8479.0,1580,SEC 10-K / Annual Report 2021
1585689,HLT,5788.0,68000,SEC 10-K / Annual Report 2021
48465,HRL,11389.0,20000,SEC 10-K / Annual Report 2021
47217,HPQ,63487.0,51000,SEC 10-K / Annual Report 2021
49071,HUM,83064.0,95000,SEC 10-K / Annual Report 2021
4281,HWM,4971.0,22000,SEC 10-K / Annual Report 2021
765880,PEAK,1150.0,300,SEC 10-K / Annual Report 2021
40704,GIS,18627.0,35000,SEC 10-K / Annual Report 2021
40545,GE,74196.0,174000,SEC 10-K / Annual Report 2021
1639920,SPOT,9668.0,7400,SEC 10-K / Annual Report 2021
1660734,TRTN,1500.0,1000,SEC 10-K / Annual Report 2021
1630472,TRTX,300.0,100,SEC 10-K / Annual Report 2021
1552033,TRU,1900.0,9300,SEC 10-K / Annual Report 2021
1670592,YETI,1410.0,1000,SEC 10-K / Annual Report 2021
1345016,YELP,1003.0,4800,SEC 10-K / Annual Report 2021
1614178,YEXT,369.0,1600,SEC 10-K / Annual Report 2021
1364885,SPR,3454.0,13000,SEC 10-K / Annual Report 2021
1819580,YSG,300.0,1500,SEC 10-K / Annual Report 2021
1631761,YRD,300.0,3000,SEC 10-K / Annual Report 2021
1673358,YUMC,1052.0,7000,SEC 10-K / Annual Report 2021
1530804,TROX,1800.0,6900,SEC 10-K / Annual Report 2021
1720446,ZEPP,200.0,3000,SEC 10-K / Annual Report 2021
1802749,ZEV,100.0,500,SEC 10-K / Annual Report 2021
1423774,ZUO,280.0,1400,SEC 10-K / Annual Report 2021
1654126,ZIM,7300.0,4000,SEC 10-K / Annual Report 2021
1403752,ZYME,30.0,300,SEC 10-K / Annual Report 2021
1439288,ZWS,600.0,2500,SEC 10-K / Annual Report 2021
1856314,YOU,200.0,900,SEC 10-K / Annual Report 2021
1463172,ZEN,1100.0,5000,SEC 10-K / Annual Report 2021
785786,PLXS,793.0,17000,SEC 10-K / Annual Report 2021
1448397,SHIP,100.0,200,SEC 10-K / Annual Report 2021
1831651,SHLS,200.0,900,SEC 10-K / Annual Report 2021
913241,SHOO,330.0,2300,SEC 10-K / Annual Report 2021
743238,SHYF,600.0,3000,SEC 10-K / Annual Report 2021
1459839,SIBN,50.0,200,SEC 10-K / Annual Report 2021
65596,SIEB,30.0,150,SEC 10-K / Annual Report 2021
1692412,PLYA,500.0,4000,SEC 10-K / Annual Report 2021
1091907,WWE,1055.0,850,SEC 10-K / Annual Report 2021
1157075,PMCB,5.0,80,SEC 10-K / Annual Report 2021
110471,WWW,800.0,4000,SEC 10-K / Annual Report 2021
1616000,XHR,600.0,1500,SEC 10-K / Annual Report 2021
1163302,X,16162.0,20000,SEC 10-K / Annual Report 2021
1810997,XPEV,3265.0,10000,SEC 10-K / Annual Report 2021
1166003,XPO,12814.0,44000,SEC 10-K / Annual Report 2021
1398453,XIN,500.0,3000,SEC 10-K / Annual Report 2021
1772720,XL,1600.0,1100,SEC 10-K / Annual Report 2021
1725033,XYF,800.0,3000,SEC 10-K / Annual Report 2021
775368,Y,1200.0,2700,SEC 10-K / Annual Report 2021
1794350,YALA,200.0,1000,SEC 10-K / Annual Report 2021
795403,WTS,500.0,2000,SEC 10-K / Annual Report 2021
1551693,SIEN,120.0,600,SEC 10-K / Annual Report 2021
910406,HAIN,1900.0,4000,SEC 10-K / Annual Report 2021
1742518,MTC,200.0,1200,SEC 10-K / Annual Report 2021
1634379,MTCR,100.0,300,SEC 10-K / Annual Report 2021
1183765,MTEM,30.0,200,SEC 10-K / Annual Report 2021
1091223,MTLS,200.0,900,SEC 10-K / Annual Report 2021
1056358,MTEX,200.0,600,SEC 10-K / Annual Report 2021
866273,MTRX,600.0,2500,SEC 10-K / Annual Report 2021
1159036,HALO,200.0,900,SEC 10-K / Annual Report 2021
819913,HALL,200.0,400,SEC 10-K / Annual Report 2021
1277902,MVBF,200.0,600,SEC 10-K / Annual Report 2021
1760689,MVST,100.0,400,SEC 10-K / Annual Report 2021
65770,MVIS,20.0,200,SEC 10-K / Annual Report 2021
1287098,MXCT,30.0,200,SEC 10-K / Annual Report 2021
899923,MYGN,700.0,2700,SEC 10-K / Annual Report 2021
1327607,MYFW,150.0,500,SEC 10-K / Annual Report 2021
1288469,MXL,880.0,3200,SEC 10-K / Annual Report 2021
1321834,MYMD,5.0,80,SEC 10-K / Annual Report 2021
1823878,MYPS,100.0,500,SEC 10-K / Annual Report 2021
1819394,MTTR,480.0,1500,SEC 10-K / Annual Report 2021
1493594,MTSI,500.0,1600,SEC 10-K / Annual Report 2021
840715,CLRO,200.0,600,SEC 10-K / Annual Report 2021
749647,CLSN,20.0,150,SEC 10-K / Annual Report 2021
885462,GURE,200.0,600,SEC 10-K / Annual Report 2021
944480,GVP,200.0,800,SEC 10-K / Annual Report 2021
1589061,GYRO,100.0,400,SEC 10-K / Annual Report 2021
1434728,GWRS,100.0,300,SEC 10-K / Annual Report 2021
1172222,HA,1990.0,8000,SEC 10-K / Annual Report 2021
827876,CLSK,130.0,300,SEC 10-K / Annual Report 2021
1539029,CLSD,30.0,100,SEC 10-K / Annual Report 2021
1824013,HAAC,0.0,20,SEC 10-K / Annual Report 2021
1109242,HAFC,200.0,600,SEC 10-K / Annual Report 2021
1849867,CLST,50.0,100,SEC 10-K / Annual Report 2021
1026662,CLWT,100.0,500,SEC 10-K / Annual Report 2021
1705843,CLXT,50.0,200,SEC 10-K / Annual Report 2021
1738177,CMBM,330.0,1500,SEC 10-K / Annual Report 2021
1005229,CMCO,550.0,2500,SEC 10-K / Annual Report 2021
943184,EVK,50.0,300,SEC 10-K / Annual Report 2021
1466301,CLVS,30.0,400,SEC 10-K / Annual Report 2021
1819615,CLVR,0.0,20,SEC 10-K / Annual Report 2021
1751876,HAPP,5.0,80,SEC 10-K / Annual Report 2021
1436425,HBCP,150.0,500,SEC 10-K / Annual Report 2021
1123494,HBIO,150.0,600,SEC 10-K / Annual Report 2021
706129,HBNC,250.0,900,SEC 10-K / Annual Report 2021
775215,HBT,200.0,700,SEC 10-K / Annual Report 2021
1636422,HCAT,300.0,1200,SEC 10-K / Annual Report 2021
1824846,HCAR,0.0,30,SEC 10-K / Annual Report 2021
1708493,HARP,10.0,100,SEC 10-K / Annual Report 2021
858655,HAYN,430.0,1200,SEC 10-K / Annual Report 2021
1098146,PNBK,100.0,300,SEC 10-K / Annual Report 2021
1784567,HCDI,200.0,500,SEC 10-K / Annual Report 2021
1403431,HCCI,150.0,400,SEC 10-K / Annual Report 2021
1115055,PNFP,600.0,2200,SEC 10-K / Annual Report 2021
1811764,PNT,0.0,20,SEC 10-K / Annual Report 2021
1446159,POAI,20.0,150,SEC 10-K / Annual Report 2021
1622345,POLA,50.0,300,SEC 10-K / Annual Report 2021
1145197,PODD,298.0,2000,SEC 10-K / Annual Report 2021
833640,POWI,580.0,1900,SEC 10-K / Annual Report 2021
1015383,POWW,150.0,500,SEC 10-K / Annual Report 2021
56868,PNRG,800.0,100,SEC 10-K / Annual Report 2021
1766400,PNTG,800.0,8000,SEC 10-K / Annual Report 2021
1028918,PPBI,600.0,2000,SEC 10-K / Annual Report 2021
914122,PPIH,100.0,400,SEC 10-K / Annual Report 2021
802481,PPC,4000.0,50000,SEC 10-K / Annual Report 2021
1185348,PRAA,900.0,4000,SEC 10-K / Annual Report 2021
1449792,PPSI,50.0,300,SEC 10-K / Annual Report 2021
1689548,PRAX,20.0,200,SEC 10-K / Annual Report 2021
1588978,PRCT,200.0,800,SEC 10-K / Annual Report 2021
1784535,PRCH,300.0,1500,SEC 10-K / Annual Report 2021
1876431,PRE,200.0,600,SEC 10-K / Annual Report 2021
1046568,PRDO,600.0,3500,SEC 10-K / Annual Report 2021
1300734,SISI,30.0,200,SEC 10-K / Annual Report 2021
1451809,SITM,200.0,800,SEC 10-K / Annual Report 2021
908937,SIRI,8700.0,9500,SEC 10-K / Annual Report 2021
1753673,SJ,100.0,500,SEC 10-K / Annual Report 2021
1829427,POW,200.0,1000,SEC 10-K / Annual Report 2021
80420,POWL,500.0,2200,SEC 10-K / Annual Report 2021
1627475,UPWK,503.0,800,SEC 10-K / Annual Report 2021
883945,USAK,600.0,2200,SEC 10-K / Annual Report 2021
27093,USAU,5.0,50,SEC 10-K / Annual Report 2021
931584,USAP,200.0,700,SEC 10-K / Annual Report 2021
101594,USEG,100.0,200,SEC 10-K / Annual Report 2021
1088034,USIO,70.0,300,SEC 10-K / Annual Report 2021
1082554,UTHR,1600.0,1700,SEC 10-K / Annual Report 2021
1668243,URGN,30.0,200,SEC 10-K / Annual Report 2021
912615,URBN,4033.0,23000,SEC 10-K / Annual Report 2021
1789299,UTME,50.0,300,SEC 10-K / Annual Report 2021
1452965,UTRS,100.0,500,SEC 10-K / Annual Report 2021
1030471,UTSI,50.0,300,SEC 10-K / Annual Report 2021
1729173,UXIN,400.0,4000,SEC 10-K / Annual Report 2021
102212,UVSP,250.0,800,SEC 10-K / Annual Report 2021
1597835,CMCM,200.0,900,SEC 10-K / Annual Report 2021
22444,CMC,5543.0,15000,SEC 10-K / Annual Report 2021
82020,USLM,200.0,700,SEC 10-K / Annual Report 2021
706698,UTMD,100.0,400,SEC 10-K / Annual Report 2021
1227654,CMP,1400.0,4000,SEC 10-K / Annual Report 2021
1824301,CND,0.0,20,SEC 10-K / Annual Report 2021
1733868,CNF,1500.0,5000,SEC 10-K / Annual Report 2021
816956,CNMD,400.0,1500,SEC 10-K / Annual Report 2021
1385280,CNK,1200.0,22000,SEC 10-K / Annual Report 2021
1704720,CNNE,300.0,1200,SEC 10-K / Annual Report 2021
1224608,CNO,1400.0,3400,SEC 10-K / Annual Report 2021
21175,CNA,10900.0,5800,SEC 10-K / Annual Report 2021
1503584,CMRE,500.0,800,SEC 10-K / Annual Report 2021
861459,GVA,3500.0,9000,SEC 10-K / Annual Report 2021
1408710,FN,1800.0,8000,SEC 10-K / Annual Report 2021
1468174,H,3377.0,66000,SEC 10-K / Annual Report 2021
1561894,HASI,300.0,250,SEC 10-K / Annual Report 2021
1834622,HAYW,600.0,2500,SEC 10-K / Annual Report 2021
1709164,HBB,1700.0,4500,SEC 10-K / Annual Report 2021
1691303,HCC,700.0,3500,SEC 10-K / Annual Report 2021
1400810,HCI,350.0,500,SEC 10-K / Annual Report 2021
354707,HE,2700.0,7300,SEC 10-K / Annual Report 2021
1528396,GWRE,820.0,3200,SEC 10-K / Annual Report 2021
313143,HAE,900.0,5500,SEC 10-K / Annual Report 2021
1283140,HEP,600.0,800,SEC 10-K / Annual Report 2021
1674168,HGV,1300.0,7000,SEC 10-K / Annual Report 2021
1417398,HI,900.0,4000,SEC 10-K / Annual Report 2021
1498828,HHC,1200.0,1600,SEC 10-K / Annual Report 2021
1404655,HUBS,1301.0,5400,SEC 10-K / Annual Report 2021
1789832,HESM,500.0,800,SEC 10-K / Annual Report 2021
46619,HEI,2100.0,7000,SEC 10-K / Annual Report 2021
